"","player","year","week","homeTeam","awayTeam","game","GamePasses","GameRushes","GameCatches","GameSacked","GamePassingYards","GamePassingTDS","GameRushingYards","RushingTD","GameReturnYards","GameReturnTDS","GameReceivingYards","RecivingTDS","AllPurposeYards","GameTouchdowns","TotalPlays3rdDown","Numberof3rdDownConversions","Player3rdDownEfficiency","CumulativePassAttemps","CumulativeRushAttepmts","CumulativeCatches","CumulativeBeenSacked","CumulativePassYards","CumulativePassingTDs","CumulativeRushingYards","CumulativeRushingTDs","CumulativeReturnYards","CumulativeReturnTDs","CumulativeReceivingYards","CumulativeReceivingTDs","CumulativeAllPurposeYards","CumulativeAllTouchdowns"
"1","Eric Crouch",2001,2,"Nebraska","Troy",5,15,14,0,1,118,0,56,1,0,0,0,0,174,1,6,0,"0",15,14,0,1,118,0,56,1,0,0,0,0,174,1
"2","Eric Crouch",2001,3,"Nebraska","Notre Dame",6,9,11,0,1,93,1,45,0,0,0,0,0,138,1,6,0,"0",24,25,0,2,211,1,101,1,0,0,0,0,312,2
"3","Eric Crouch",2001,5,"Nebraska","Rice",7,9,15,0,0,151,2,112,3,0,0,0,0,263,5,7,0,"0",33,40,0,2,362,3,213,4,0,0,0,0,575,7
"4","Eric Crouch",2001,6,"Missouri","Nebraska",8,14,16,0,0,139,0,189,2,0,0,0,0,328,2,13,0,"0",47,56,0,2,501,3,402,6,0,0,0,0,903,9
"5","Eric Crouch",2001,7,"Nebraska","Iowa State",9,13,13,0,0,101,0,86,4,0,0,0,0,187,4,5,0,"0",60,69,0,2,602,3,488,10,0,0,0,0,1090,13
"6","Eric Crouch",2001,8,"Baylor","Nebraska",10,10,18,0,0,51,0,134,3,0,0,0,0,185,3,9,0,"0",70,87,0,2,653,3,622,13,0,0,0,0,1275,16
"7","Eric Crouch",2001,10,"Nebraska","Oklahoma",1,18,14,1,0,100,0,23,0,0,0,63,1,186,1,10,0,"0",88,101,1,2,753,3,645,13,0,0,63,1,1461,17
"8","Eric Crouch",2001,11,"Kansas","Nebraska",2,25,12,0,1,163,0,57,1,0,0,0,0,220,1,11,0,"0",113,113,1,3,916,3,702,14,0,0,63,1,1681,18
"9","Eric Crouch",2001,12,"Nebraska","Kansas State",3,7,23,0,0,63,0,106,1,0,0,0,0,169,1,8,0,"0",120,136,1,3,979,3,808,15,0,0,63,1,1850,19
"10","Eric Crouch",2001,14,"Colorado","Nebraska",4,29,18,0,0,235,0,159,2,0,0,0,0,394,2,12,0,"0",149,154,1,3,1214,3,967,17,0,0,63,1,2244,21
"11","Robert Griffin III",2011,1,"Baylor","TCU",1,27,9,1,1,359,5,37,0,0,0,15,0,411,5,7,2,"0.2857143",27,9,1,1,359,5,37,0,0,0,15,0,411,5
"12","Robert Griffin III",2011,3,"Baylor","SF Austin",7,22,7,0,1,238,3,79,0,0,0,0,0,317,3,4,3,"0.75",49,16,1,2,597,8,116,0,0,0,15,0,728,8
"13","Robert Griffin III",2011,4,"Baylor","Rice",8,32,6,0,0,332,5,55,1,0,0,0,0,387,6,5,2,"0.4",81,22,1,2,929,13,171,1,0,0,15,0,1115,14
"14","Robert Griffin III",2011,5,"Kansas State","Baylor",9,31,7,0,4,353,5,33,0,0,0,0,0,386,5,7,1,"0.1428571",112,29,1,6,1282,18,204,1,0,0,15,0,1501,19
"15","Robert Griffin III",2011,6,"Baylor","Iowa State",10,29,22,0,3,212,1,135,1,0,0,0,0,347,2,10,3,"0.3",141,51,1,9,1494,19,339,2,0,0,15,0,1848,21
"16","Robert Griffin III",2011,7,"Texas A&M","Baylor",11,40,7,0,5,430,3,41,0,0,0,0,0,471,3,11,7,"0.6363636",181,58,1,14,1924,22,380,2,0,0,15,0,2319,24
"17","Robert Griffin III",2011,9,"Oklahoma State","Baylor",12,49,15,0,2,486,1,33,1,0,0,0,0,519,2,12,6,"0.5",230,73,1,16,2410,23,413,3,0,0,15,0,2838,26
"18","Robert Griffin III",2011,10,"Baylor","Missouri",2,41,17,0,2,406,3,77,1,0,0,0,0,483,4,12,3,"0.25",271,90,1,18,2816,26,490,4,0,0,15,0,3321,30
"19","Robert Griffin III",2011,11,"Kansas","Baylor",3,30,9,0,0,310,3,98,1,0,0,0,0,408,4,11,3,"0.2727273",301,99,1,18,3126,29,588,5,0,0,15,0,3729,34
"20","Robert Griffin III",2011,12,"Baylor","Oklahoma",4,34,12,0,2,479,4,37,0,0,0,0,0,516,4,11,3,"0.2727273",335,111,1,20,3605,33,625,5,0,0,15,0,4245,38
"21","Robert Griffin III",2011,13,"Baylor","Texas Tech",5,11,14,0,0,106,1,62,2,0,0,0,0,168,3,7,3,"0.4285714",346,125,1,20,3711,34,687,7,0,0,15,0,4413,41
"22","Robert Griffin III",2011,14,"Baylor","Texas",6,21,10,0,1,291,2,35,2,0,0,0,0,326,4,7,2,"0.2857143",367,135,1,21,4002,36,722,9,0,0,15,0,4739,45
"23","Saquon Barkley",2017,1,"Penn State","Akron",1,0,14,3,0,0,0,172,2,20,0,54,0,246,2,2,1,"0.5",0,14,3,0,0,0,172,2,20,0,54,0,246,2
"24","Saquon Barkley",2017,2,"Penn State","Pitt",2,0,14,4,0,0,0,103,1,50,0,45,1,198,2,2,0,"0",0,28,7,0,0,0,275,3,70,0,99,1,444,4
"25","Saquon Barkley",2017,3,"Penn State","Georgia State",3,0,10,4,0,0,0,47,0,37,0,142,1,226,1,1,0,"0",0,38,11,0,0,0,322,3,107,0,241,2,670,5
"26","Saquon Barkley",2017,4,"Iowa","Penn State",4,0,28,13,0,0,0,186,1,53,0,94,0,333,1,8,3,"0.375",0,66,24,0,0,0,508,4,160,0,335,2,1003,6
"27","Saquon Barkley",2017,5,"Penn State","Indiana",5,1,20,5,0,16,1,56,0,98,1,51,0,221,2,4,2,"0.5",1,86,29,0,16,1,564,4,258,1,386,2,1224,8
"28","Saquon Barkley",2017,6,"Northwestern","Penn State",6,0,22,4,0,0,0,20,0,0,0,17,0,37,0,4,0,"0",1,108,33,0,16,1,584,4,258,1,403,2,1261,8
"29","Saquon Barkley",2017,8,"Penn State","Michigan",7,0,15,7,0,0,0,108,2,15,0,53,1,176,3,0,0,"NaN",1,123,40,0,16,1,692,6,273,1,456,3,1437,11
"30","Saquon Barkley",2017,9,"OSU","Penn State",8,0,20,5,0,0,0,8,0,8,0,23,0,39,0,9,3,"0.3333333",1,143,45,0,16,1,700,6,281,1,479,3,1476,11
"31","J.T. Barrett",2017,1,"Indiana","OSU",1,34,11,0,1,230,2,66,0,0,0,0,0,296,2,15,6,"0.4",34,11,0,1,230,2,66,0,0,0,0,0,296,2
"32","J.T. Barrett",2017,2,"OSU","Oklahoma",2,35,15,0,3,183,0,81,0,0,0,0,0,264,0,12,4,"0.3333333",69,26,0,4,413,2,147,0,0,0,0,0,560,2
"33","J.T. Barrett",2017,3,"OSU","Army",3,31,4,0,2,230,1,36,0,0,0,0,0,266,1,5,2,"0.4",100,30,0,6,643,3,183,0,0,0,0,0,826,3
"34","J.T. Barrett",2017,4,"OSU","UNLV",4,17,4,0,1,207,5,22,0,0,0,0,0,229,5,3,0,"0",117,34,0,7,850,8,205,0,0,0,0,0,1055,8
"35","J.T. Barrett",2017,5,"Rutgers","OSU",5,22,8,0,2,275,3,84,0,0,0,0,0,359,3,4,1,"0.25",139,42,0,9,1125,11,289,0,0,0,0,0,1414,11
"36","J.T. Barrett",2017,6,"OSU","Maryland",6,30,8,0,0,253,2,74,1,0,0,0,0,327,3,8,3,"0.375",169,50,0,9,1378,13,363,1,0,0,0,0,1741,14
"37","J.T. Barrett",2017,7,"Nebraska","OSU",7,33,9,0,1,331,5,55,2,0,0,0,0,386,7,8,5,"0.625",202,59,0,10,1709,18,418,3,0,0,0,0,2127,21
"38","J.T. Barrett",2017,9,"OSU","Penn State",8,35,15,0,2,251,0,106,0,0,0,0,0,357,0,10,3,"0.3",237,74,0,12,1960,18,524,3,0,0,0,0,2484,21
"39","Lamar Jackson 2017",2017,1,"Purdue","Louisville",1,46,21,0,0,397,2,142,0,0,0,0,0,539,2,14,7,"0.5",46,21,0,0,397,2,142,0,0,0,0,0,539,2
"40","Lamar Jackson 2017",2017,2,"UNC","Louisville",2,39,17,0,2,393,3,139,3,0,0,0,0,532,6,14,6,"0.4285714",85,38,0,2,790,5,281,3,0,0,0,0,1071,8
"41","Lamar Jackson 2017",2017,3,"Louisville","Clemson",3,42,13,0,4,351,4,96,0,0,0,0,0,447,4,15,4,"0.2666667",127,51,0,6,1141,9,377,3,0,0,0,0,1518,12
"42","Lamar Jackson 2017",2017,4,"Louisville","Kent State",4,22,7,0,1,322,2,41,1,0,0,0,0,363,3,5,1,"0.2",149,58,0,7,1463,11,418,4,0,0,0,0,1881,15
"43","Lamar Jackson 2017",2017,5,"Louisville","Murray State",5,26,7,0,0,274,3,100,1,0,0,0,0,374,4,5,3,"0.6",175,65,0,7,1737,14,518,5,0,0,0,0,2255,19
"44","Lamar Jackson 2017",2017,6,"NC State","Louisville",6,45,13,0,4,346,0,90,0,0,0,0,0,436,0,15,8,"0.5333333",220,78,0,11,2083,14,608,5,0,0,0,0,2691,19
"45","Lamar Jackson 2017",2017,7,"Louisville","Boston College",7,39,22,0,0,346,2,175,3,0,0,0,0,521,5,12,3,"0.25",259,100,0,11,2429,16,783,8,0,0,0,0,3212,24
"46","Lamar Jackson 2017",2017,8,"FSU","Louisville",8,21,21,0,2,156,1,219,1,0,0,0,0,375,2,8,4,"0.5",280,121,0,13,2585,17,1002,9,0,0,0,0,3587,26
"47","Lamar Jackson 2017",2017,9,"Wake Forest","Louisville",9,45,21,0,6,385,2,207,3,0,0,0,0,592,5,15,6,"0.4",325,142,0,19,2970,19,1209,12,0,0,0,0,4179,31
"48","Bryce Love",2017,1,"Rice","Stanford",1,0,13,0,0,0,0,180,1,0,0,0,0,180,1,1,0,"0",0,13,0,0,0,0,180,1,0,0,0,0,180,1
"49","Bryce Love",2017,2,"USC","Stanford",2,0,17,0,0,0,0,160,1,0,0,0,0,160,1,2,1,"0.5",0,30,0,0,0,0,340,2,0,0,0,0,340,2
"50","Bryce Love",2017,3,"San Diego State","Stanford",3,0,13,1,0,0,0,184,2,0,0,3,0,187,2,2,1,"0.5",0,43,1,0,0,0,524,4,0,0,3,0,527,4
"51","Bryce Love",2017,4,"Stanford","UCLA",4,0,30,1,0,0,0,268,1,0,0,2,0,270,1,3,1,"0.3333333",0,73,2,0,0,0,792,5,0,0,5,0,797,5
"52","Bryce Love",2017,5,"Stanford","Arizona State",5,0,25,0,0,0,0,286,3,0,0,0,0,286,3,4,2,"0.5",0,98,2,0,0,0,1078,8,0,0,5,0,1083,8
"53","Bryce Love",2017,6,"Utah","Stanford",6,0,20,2,0,0,0,152,1,0,0,14,0,166,1,1,0,"0",0,118,4,0,0,0,1230,9,0,0,19,0,1249,9
"54","Bryce Love",2017,7,"Stanford","Oregon",7,0,17,0,0,0,0,147,2,0,0,0,0,147,2,1,0,"0",0,135,4,0,0,0,1377,11,0,0,19,0,1396,11
"55","Bryce Love",2017,9,"Oregon State","Stanford",8,0,0,0,0,0,0,0,0,0,0,0,0,0,0,0,0,"NaN",0,135,4,0,0,0,1377,11,0,0,19,0,1396,11
"56","Josh Adams",2017,1,"Notre Dame","Temple",1,0,19,0,0,0,0,175,2,0,0,0,0,175,2,4,3,"0.75",0,19,0,0,0,0,175,2,0,0,0,0,175,2
"57","Josh Adams",2017,2,"Notre Dame","Georgia",2,0,19,8,0,0,0,84,0,0,0,63,0,147,0,3,0,"0",0,38,8,0,0,0,259,2,0,0,63,0,322,2
"58","Josh Adams",2017,3,"Boston College","Notre Dame",3,0,18,2,0,0,0,229,0,0,0,9,0,238,0,5,3,"0.6",0,56,10,0,0,0,488,2,0,0,72,0,560,2
"59","Josh Adams",2017,4,"Michigan State","Notre Dame",4,0,9,1,0,0,0,71,0,0,0,0,0,71,0,1,0,"0",0,65,11,0,0,0,559,2,0,0,72,0,631,2
"60","Josh Adams",2017,5,"Notre Dame","Miami (OH)",5,0,8,1,0,0,0,159,2,0,0,0,0,159,2,2,2,"1",0,73,12,0,0,0,718,4,0,0,72,0,790,4
"61","Josh Adams",2017,6,"UNC","Notre Dame",6,0,13,1,0,0,0,118,1,0,0,15,0,133,1,5,3,"0.6",0,86,13,0,0,0,836,5,0,0,87,0,923,5
"62","Josh Adams",2017,8,"Notre Dame","USC",7,0,16,1,0,0,0,80,0,0,0,0,0,80,0,3,0,"0",0,102,14,0,0,0,916,5,0,0,87,0,1003,5
"63","Josh Adams",2017,9,"Notre Dame","NC State",8,0,27,1,0,0,0,202,1,0,0,-2,0,200,1,6,2,"0.3333333",0,129,15,0,0,0,1118,6,0,0,85,0,1203,6
"64","Baker Mayfield",2017,1,"Oklahoma","UTEP",1,20,1,0,1,329,3,2,0,0,0,0,0,331,3,2,1,"0.5",20,1,0,1,329,3,2,0,0,0,0,0,331,3
"65","Baker Mayfield",2017,2,"OSU","Oklahoma",2,32,5,0,2,322,0,8,0,0,0,0,0,330,0,9,4,"0.4444444",52,6,0,3,651,3,10,0,0,0,0,0,661,3
"66","Baker Mayfield",2017,3,"Oklahoma","Tulane",3,25,3,0,1,320,3,6,0,0,0,0,0,326,3,4,1,"0.25",77,9,0,4,971,6,16,0,0,0,0,0,987,6
"67","Baker Mayfield",2017,4,"Baylor","Oklahoma",4,19,6,0,2,283,3,35,0,0,0,0,0,318,3,5,1,"0.2",96,15,0,6,1254,9,51,0,0,0,0,0,1305,9
"68","Baker Mayfield",2017,6,"Oklahoma","Iowa State",5,33,9,0,2,306,2,68,1,0,0,0,0,374,3,7,4,"0.5714286",129,24,0,8,1560,11,119,1,0,0,0,0,1679,12
"69","Baker Mayfield",2017,7,"Texas","Oklahoma",6,27,5,0,2,302,2,36,0,0,0,0,0,338,2,9,2,"0.2222222",156,29,0,10,1862,13,155,1,0,0,0,0,2017,14
"70","Baker Mayfield",2017,8,"Kansas State","Oklahoma",7,42,7,0,2,403,3,86,2,0,0,0,0,489,5,7,3,"0.4285714",198,36,0,12,2265,16,241,3,0,0,0,0,2506,19
"71","Baker Mayfield",2017,9,"Oklahoma","Texas Tech",8,34,5,0,1,289,4,39,1,0,0,0,0,328,5,9,3,"0.3333333",232,41,0,13,2554,20,280,4,0,0,0,0,2834,24
"72","Lamar Jackson 2016",2016,1,"Louisville","Charlotte",1,23,11,0,0,286,6,134,2,0,0,0,0,420,8,3,1,"0.3333333",23,11,0,0,286,6,134,2,0,0,0,0,420,8
"73","Lamar Jackson 2016",2016,2,"Syracuse","Louisville",6,39,20,0,1,476,1,207,4,0,0,0,0,683,5,14,6,"0.4285714",62,31,0,1,762,7,341,6,0,0,0,0,1103,13
"74","Lamar Jackson 2016",2016,3,"Louisville","FSU",7,20,16,0,1,230,1,155,4,0,0,0,0,385,5,6,2,"0.3333333",82,47,0,2,992,8,496,10,0,0,0,0,1488,18
"75","Lamar Jackson 2016",2016,4,"Marshall","Louisville",8,44,11,0,1,423,5,70,2,0,0,0,0,493,7,11,4,"0.3636364",126,58,0,3,1415,13,566,12,0,0,0,0,1981,25
"76","Lamar Jackson 2016",2016,5,"Clemson","Louisville",9,44,26,0,5,309,1,194,2,0,0,0,0,503,3,19,6,"0.3157895",170,84,0,8,1724,14,760,14,0,0,0,0,2484,28
"77","Lamar Jackson 2016",2016,7,"Louisville","Duke",10,26,20,0,0,181,1,149,1,0,0,0,0,330,2,10,4,"0.4",196,104,0,8,1905,15,909,15,0,0,0,0,2814,30
"78","Lamar Jackson 2016",2016,8,"Louisville","NC State",11,31,13,0,3,262,0,79,0,0,0,0,0,341,0,10,3,"0.3",227,117,0,11,2167,15,988,15,0,0,0,0,3155,30
"79","Lamar Jackson 2016",2016,9,"UVA","Louisville",12,41,13,0,5,406,4,123,0,0,0,0,0,529,4,11,3,"0.2727273",268,130,0,16,2573,19,1111,15,0,0,0,0,3684,34
"80","Lamar Jackson 2016",2016,10,"Boston College","Louisville",2,17,14,0,1,253,4,188,3,0,0,0,0,441,7,5,0,"0",285,144,0,17,2826,23,1299,18,0,0,0,0,4125,41
"81","Lamar Jackson 2016",2016,11,"Louisville","Wake Forest",3,26,17,0,5,145,1,184,0,0,0,0,0,329,1,11,4,"0.3636364",311,161,0,22,2971,24,1483,18,0,0,0,0,4454,42
"82","Lamar Jackson 2016",2016,12,"Houston","Louisville",4,42,14,0,10,199,0,116,0,0,0,0,0,315,0,16,4,"0.25",353,175,0,32,3170,24,1599,18,0,0,0,0,4769,42
"83","Lamar Jackson 2016",2016,13,"Louisville","Kentucky",5,23,20,0,3,247,0,182,0,0,0,0,0,429,0,9,3,"0.3333333",376,195,0,35,3417,24,1781,18,0,0,0,0,5198,42
"84","Derrick Henry",2015,1,"Alabama","Wisconsin",1,0,10,2,0,0,0,52,0,0,0,12,0,64,0,2,1,"0.5",0,10,2,0,0,0,52,0,0,0,12,0,64,0
"85","Derrick Henry",2015,2,"Alabama","Mid Tennessee",7,0,18,1,0,0,0,96,3,0,0,0,0,96,3,2,2,"1",0,28,3,0,0,0,148,3,0,0,12,0,160,3
"86","Derrick Henry",2015,3,"Alabama","Ole Miss",8,0,23,6,0,0,0,127,1,0,0,39,0,166,1,3,1,"0.3333333",0,51,9,0,0,0,275,4,0,0,51,0,326,4
"87","Derrick Henry",2015,4,"Alabama","UL Monroe",9,0,13,0,0,0,0,52,1,0,0,0,0,52,1,2,1,"0.5",0,64,9,0,0,0,327,5,0,0,51,0,378,5
"88","Derrick Henry",2015,5,"Georgia","Alabama",10,0,26,2,0,0,0,152,1,0,0,0,0,152,1,6,0,"0",0,90,11,0,0,0,479,6,0,0,51,0,530,6
"89","Derrick Henry",2015,6,"Alabama","Arkansas",11,0,27,1,0,0,0,95,1,0,0,0,0,95,1,6,4,"0.6666667",0,117,12,0,0,0,574,7,0,0,51,0,625,7
"90","Derrick Henry",2015,7,"Texas A&M","Alabama",12,0,30,1,0,0,0,175,0,0,0,18,0,193,0,6,2,"0.3333333",0,147,13,0,0,0,749,7,0,0,69,0,818,7
"91","Derrick Henry",2015,8,"Alabama","Tennessee",13,0,28,0,0,0,0,143,2,0,0,0,0,143,2,2,1,"0.5",0,175,13,0,0,0,892,9,0,0,69,0,961,9
"92","Derrick Henry",2015,10,"Alabama","LSU",2,0,38,0,0,0,0,210,3,0,0,0,0,210,3,4,2,"0.5",0,213,13,0,0,0,1102,12,0,0,69,0,1171,12
"93","Derrick Henry",2015,11,"Miss St","Alabama",3,0,22,2,0,0,0,204,2,0,0,0,0,204,2,5,3,"0.6",0,235,15,0,0,0,1306,14,0,0,69,0,1375,14
"94","Derrick Henry",2015,12,"Alabama","Charleston So",4,0,9,1,0,0,0,68,2,0,0,28,0,96,2,1,1,"1",0,244,16,0,0,0,1374,16,0,0,97,0,1471,16
"95","Derrick Henry",2015,13,"Auburn","Alabama",5,0,46,0,0,0,0,271,1,0,0,0,0,271,1,6,3,"0.5",0,290,16,0,0,0,1645,17,0,0,97,0,1742,17
"96","Derrick Henry",2015,14,"Alabama","Florida",6,0,43,0,0,0,0,187,0,0,0,0,0,187,0,3,2,"0.6666667",0,333,16,0,0,0,1832,17,0,0,97,0,1929,17
"97","Marcus Mariota",2014,1,"Oregon","South Dakota",1,17,5,0,0,153,0,42,0,0,0,0,0,195,0,2,1,"0.5",17,5,0,0,153,0,42,0,0,0,0,0,195,0
"98","Marcus Mariota",2014,2,"Oregon","Michigan State",7,25,6,0,3,187,0,68,0,0,0,0,0,255,0,13,5,"0.3846154",42,11,0,3,340,0,110,0,0,0,0,0,450,0
"99","Marcus Mariota",2014,3,"Oregon","Wyoming",8,21,3,0,0,200,0,37,0,0,0,0,0,237,0,2,2,"1",63,14,0,3,540,0,147,0,0,0,0,0,687,0
"100","Marcus Mariota",2014,4,"Washington St","Oregon",9,25,6,0,7,344,5,106,0,0,0,0,0,450,5,9,4,"0.4444444",88,20,0,10,884,5,253,0,0,0,0,0,1137,5
"101","Marcus Mariota",2014,6,"Oregon","Arizona",10,32,4,1,5,287,2,11,0,0,0,26,1,324,3,10,5,"0.5",120,24,1,15,1171,7,264,0,0,0,26,1,1461,8
"102","Marcus Mariota",2014,7,"UCLA","Oregon",11,26,7,0,0,225,2,75,2,0,0,0,0,300,4,4,1,"0.25",146,31,1,15,1396,9,339,2,0,0,26,1,1761,12
"103","Marcus Mariota",2014,8,"Oregon","Washington",12,31,4,0,3,297,0,15,0,0,0,0,0,312,0,11,6,"0.5454545",177,35,1,18,1693,9,354,2,0,0,26,1,2073,12
"104","Marcus Mariota",2014,9,"Cal","Oregon",13,30,6,0,0,326,5,51,0,0,0,0,0,377,5,9,4,"0.4444444",207,41,1,18,2019,14,405,2,0,0,26,1,2450,17
"105","Marcus Mariota",2014,10,"Oregon","Stanford",2,30,8,0,1,258,2,92,2,0,0,0,0,350,4,7,4,"0.5714286",237,49,1,19,2277,16,497,4,0,0,26,1,2800,21
"106","Marcus Mariota",2014,11,"Utah","Oregon",3,26,14,0,4,196,0,152,0,0,0,0,0,348,0,10,3,"0.3",263,63,1,23,2473,16,649,4,0,0,26,1,3148,21
"107","Marcus Mariota",2014,13,"Oregon","Colorado",4,32,6,0,2,338,3,81,1,0,0,0,0,419,4,10,6,"0.6",295,69,1,25,2811,19,730,5,0,0,26,1,3567,25
"108","Marcus Mariota",2014,14,"Oregon State","Oregon",5,24,6,0,4,338,3,58,2,0,0,0,0,396,5,6,1,"0.1666667",319,75,1,29,3149,22,788,7,0,0,26,1,3963,30
"109","Marcus Mariota",2014,15,"Oregon","Arizona",6,36,7,0,0,298,0,16,0,0,0,0,0,314,0,8,4,"0.5",355,82,1,29,3447,22,804,7,0,0,26,1,4277,30
"110","Johnny Manziel",2012,2,"Texas A&M","Florida",5,30,14,0,3,173,0,76,1,0,0,0,0,249,1,13,5,"0.3846154",30,14,0,3,173,0,76,1,0,0,0,0,249,1
"111","Johnny Manziel",2012,3,"SMU","Texas A&M",6,37,11,0,2,305,4,133,2,0,0,0,0,438,6,16,5,"0.3125",67,25,0,5,478,4,209,3,0,0,0,0,687,7
"112","Johnny Manziel",2012,4,"Texas A&M","S Carolina St",7,20,6,0,2,174,3,82,2,0,0,0,0,256,5,5,1,"0.2",87,31,0,7,652,7,291,5,0,0,0,0,943,12
"113","Johnny Manziel",2012,5,"Texas A&M","Arkansas",8,38,14,0,0,453,3,104,1,0,0,0,0,557,4,10,1,"0.1",125,45,0,7,1105,10,395,6,0,0,0,0,1500,16
"114","Johnny Manziel",2012,6,"Ole Miss","Texas A&M",9,26,16,0,4,195,1,169,1,0,0,0,0,364,2,11,5,"0.4545455",151,61,0,11,1300,11,564,7,0,0,0,0,1864,18
"115","Johnny Manziel",2012,7,"LA Tech","Texas A&M",10,40,18,0,1,403,4,187,3,0,0,0,0,590,7,21,11,"0.5238095",191,79,0,12,1703,15,751,10,0,0,0,0,2454,25
"116","Johnny Manziel",2012,8,"Texas A&M","LSU",11,56,14,0,3,308,0,44,0,0,0,0,0,352,0,14,4,"0.2857143",247,93,0,15,2011,15,795,10,0,0,0,0,2806,25
"117","Johnny Manziel",2012,9,"Auburn","Texas A&M",12,23,8,0,1,260,2,92,3,0,0,0,0,352,5,3,2,"0.6666667",270,101,0,16,2271,17,887,13,0,0,0,0,3158,30
"118","Johnny Manziel",2012,10,"Miss St","Texas A&M",1,35,20,0,1,308,0,137,2,0,0,0,0,445,2,12,5,"0.4166667",305,121,0,17,2579,17,1024,15,0,0,0,0,3603,32
"119","Johnny Manziel",2012,11,"Alabama","Texas A&M",2,32,14,0,4,253,2,107,0,0,0,0,0,360,2,13,8,"0.6153846",337,135,0,21,2832,19,1131,15,0,0,0,0,3963,34
"120","Johnny Manziel",2012,12,"Texas A&M","Sam Houston",3,20,15,0,1,267,3,109,2,0,0,0,0,376,5,6,1,"0.1666667",357,150,0,22,3099,22,1240,17,0,0,0,0,4339,39
"121","Johnny Manziel",2012,13,"Texas A&M","Missouri",4,44,12,1,0,372,3,67,2,0,0,0,0,439,5,9,6,"0.6666667",401,162,1,22,3471,25,1307,19,0,0,0,0,4778,44
"122","Jameis Winston",2013,1,"Pitt","FSU",1,27,6,0,0,356,4,34,1,0,0,0,0,390,5,7,4,"0.5714286",27,6,0,0,356,4,34,1,0,0,0,0,390,5
"123","Jameis Winston",2013,3,"FSU","Nevada",8,18,3,0,0,224,2,19,1,0,0,0,0,243,3,4,3,"0.75",45,9,0,0,580,6,53,2,0,0,0,0,633,8
"124","Jameis Winston",2013,4,"FSU","Bethune-Cookman",9,19,3,0,0,148,2,11,0,0,0,0,0,159,2,3,1,"0.3333333",64,12,0,0,728,8,64,2,0,0,0,0,792,10
"125","Jameis Winston",2013,5,"Boston College","FSU",10,27,10,0,0,346,4,96,0,0,0,0,0,442,4,8,2,"0.25",91,22,0,0,1074,12,160,2,0,0,0,0,1234,14
"126","Jameis Winston",2013,6,"FSU","Maryland",11,32,6,0,0,393,5,33,0,0,0,0,0,426,5,6,4,"0.6666667",123,28,0,0,1467,17,193,2,0,0,0,0,1660,19
"127","Jameis Winston",2013,8,"Clemson","FSU",12,34,4,0,0,473,3,25,1,0,0,0,0,498,4,6,4,"0.6666667",157,32,0,0,1940,20,218,3,0,0,0,0,2158,23
"128","Jameis Winston",2013,9,"FSU","NC State",13,26,0,0,0,312,3,0,0,0,0,0,0,312,3,5,2,"0.4",183,32,0,0,2252,23,218,3,0,0,0,0,2470,26
"129","Jameis Winston",2013,10,"FSU","Miami",2,29,5,0,0,325,1,31,0,0,0,0,0,356,1,8,6,"0.75",212,37,0,0,2577,24,249,3,0,0,0,0,2826,27
"130","Jameis Winston",2013,11,"Wake Forest","FSU",3,28,2,0,0,161,2,7,0,0,0,0,0,168,2,5,1,"0.2",240,39,0,0,2738,26,256,3,0,0,0,0,2994,29
"131","Jameis Winston",2013,12,"FSU","Syracuse",4,21,2,0,0,277,2,9,0,0,0,0,0,286,2,2,0,"0",261,41,0,0,3015,28,265,3,0,0,0,0,3280,31
"132","Jameis Winston",2013,13,"FSU","Idaho",5,25,1,0,0,225,4,0,0,0,0,0,0,225,4,7,4,"0.5714286",286,42,0,0,3240,32,265,3,0,0,0,0,3505,35
"133","Jameis Winston",2013,14,"Florida","FSU",6,31,3,0,0,327,3,26,0,0,0,0,0,353,3,12,7,"0.5833333",317,45,0,0,3567,35,291,3,0,0,0,0,3858,38
"134","Jameis Winston",2013,15,"FSU","Duke",7,32,9,0,0,346,3,68,1,0,0,0,0,414,4,7,3,"0.4285714",349,54,0,0,3913,38,359,4,0,0,0,0,4272,42
"135","Cameron Newton",2010,1,"Auburn","Arkansas State",1,6,14,0,1,63,1,176,2,0,0,0,0,239,3,7,3,"0.4285714",6,14,0,1,63,1,176,2,0,0,0,0,239,3
"136","Cameron Newton",2010,2,"Miss St","Auburn",6,19,16,2,2,136,2,93,0,0,0,22,0,251,2,11,4,"0.3636364",25,30,2,3,199,3,269,2,0,0,22,0,490,5
"137","Cameron Newton",2010,3,"Auburn","Clemson",7,14,16,0,1,203,2,74,0,0,0,0,0,277,2,9,3,"0.3333333",39,46,2,4,402,5,343,2,0,0,22,0,767,7
"138","Cameron Newton",2010,4,"Auburn","South Carolina",8,21,24,0,1,158,2,180,3,0,0,0,0,338,5,11,4,"0.3636364",60,70,2,5,560,7,523,5,0,0,22,0,1105,12
"139","Cameron Newton",2010,5,"Auburn","UL Monroe",9,19,0,0,1,245,3,0,0,0,0,0,0,245,3,5,1,"0.2",79,70,2,6,805,10,523,5,0,0,22,0,1350,15
"140","Cameron Newton",2010,6,"Kentucky","Auburn",10,21,28,0,0,208,0,196,4,0,0,0,0,404,4,9,5,"0.5555556",100,98,2,6,1013,10,719,9,0,0,22,0,1754,19
"141","Cameron Newton",2010,7,"Auburn","Arkansas",11,14,23,0,2,140,1,202,3,0,0,0,0,342,4,6,1,"0.1666667",114,121,2,8,1153,11,921,12,0,0,22,0,2096,23
"142","Cameron Newton",2010,8,"Auburn","LSU",12,16,28,0,0,86,0,217,2,0,0,0,0,303,2,10,5,"0.5",130,149,2,8,1239,11,1138,14,0,0,22,0,2399,25
"143","Cameron Newton",2010,9,"Ole Miss","Auburn",13,24,10,1,1,209,2,51,0,0,0,20,1,280,3,10,6,"0.6",154,159,3,9,1448,13,1189,14,0,0,42,1,2679,28
"144","Cameron Newton",2010,10,"Auburn","Chattanooga",2,21,5,0,3,317,4,50,1,0,0,0,0,367,5,5,3,"0.6",175,164,3,12,1765,17,1239,15,0,0,42,1,3046,33
"145","Cameron Newton",2010,11,"Auburn","Georgia",3,15,28,0,2,172,2,163,2,0,0,0,0,335,4,13,9,"0.6923077",190,192,3,14,1937,19,1402,17,0,0,42,1,3381,37
"146","Cameron Newton",2010,13,"Alabama","Auburn",4,20,17,0,4,216,3,62,1,0,0,0,0,278,4,11,4,"0.3636364",210,209,3,18,2153,22,1464,18,0,0,42,1,3659,41
"147","Cameron Newton",2010,14,"South Carolina","Auburn",5,28,14,0,0,335,4,73,2,0,0,0,0,408,6,10,5,"0.5",238,223,3,18,2488,26,1537,20,0,0,42,1,4067,47
"148","Mark Ingram",2009,1,"VT","Alabama",1,0,26,3,0,0,0,150,1,0,0,35,1,185,2,2,1,"0.5",0,26,3,0,0,0,150,1,0,0,35,1,185,2
"149","Mark Ingram",2009,2,"Alabama","FIU",7,0,10,5,0,0,0,55,1,0,0,47,0,102,1,4,0,"0",0,36,8,0,0,0,205,2,0,0,82,1,287,3
"150","Mark Ingram",2009,3,"Alabama","North Texas",8,0,8,3,0,0,0,91,1,0,0,38,1,129,2,1,0,"0",0,44,11,0,0,0,296,3,0,0,120,2,416,5
"151","Mark Ingram",2009,4,"Alabama","Arkansas",9,0,17,2,0,0,0,50,1,0,0,7,0,57,1,2,1,"0.5",0,61,13,0,0,0,346,4,0,0,127,2,473,6
"152","Mark Ingram",2009,5,"Kentucky","Alabama",10,0,22,2,0,0,0,140,2,0,0,6,0,146,2,4,1,"0.25",0,83,15,0,0,0,486,6,0,0,133,2,619,8
"153","Mark Ingram",2009,6,"Ole Miss","Alabama",11,0,28,4,0,0,0,173,1,0,0,14,0,187,1,4,1,"0.25",0,111,19,0,0,0,659,7,0,0,147,2,806,9
"154","Mark Ingram",2009,7,"Alabama","South Carolina",12,0,24,2,0,0,0,246,1,0,0,23,0,269,1,3,2,"0.6666667",0,135,21,0,0,0,905,8,0,0,170,2,1075,10
"155","Mark Ingram",2009,8,"Alabama","Tennessee",13,0,18,0,0,0,0,99,0,0,0,0,0,99,0,1,1,"1",0,153,21,0,0,0,1004,8,0,0,170,2,1174,10
"156","Mark Ingram",2009,10,"Alabama","LSU",2,0,22,5,0,0,0,144,0,0,0,30,0,174,0,5,1,"0.2",0,175,26,0,0,0,1148,8,0,0,200,2,1348,10
"157","Mark Ingram",2009,11,"Miss St","Alabama",3,0,19,1,0,0,0,149,2,0,0,9,0,158,2,0,0,"NaN",0,194,27,0,0,0,1297,10,0,0,209,2,1506,12
"158","Mark Ingram",2009,12,"Alabama","Chattanooga",4,0,11,0,0,0,0,102,2,0,0,0,0,102,2,1,1,"1",0,205,27,0,0,0,1399,12,0,0,209,2,1608,14
"159","Mark Ingram",2009,13,"Auburn","Alabama",5,1,16,5,0,0,0,32,0,0,0,21,0,53,0,5,1,"0.2",1,221,32,0,0,0,1431,12,0,0,230,2,1661,14
"160","Mark Ingram",2009,14,"Alabama","Florida",6,0,28,2,0,0,0,113,3,0,0,76,0,189,3,8,6,"0.75",1,249,34,0,0,0,1544,15,0,0,306,2,1850,17
"161","Jason White",2003,2,"Oklahoma","North Texas",7,35,2,0,1,244,3,4,0,0,0,0,0,248,3,9,0,"0",35,2,0,1,244,3,4,0,0,0,0,0,248,3
"162","Jason White",2003,3,"Alabama","Oklahoma",8,35,1,0,0,259,2,-1,0,0,0,0,0,258,2,14,0,"0",70,3,0,1,503,5,3,0,0,0,0,0,506,5
"163","Jason White",2003,4,"Oklahoma","Fresno State",9,36,1,0,0,330,4,8,0,0,0,0,0,338,4,11,0,"0",106,4,0,1,833,9,11,0,0,0,0,0,844,9
"164","Jason White",2003,5,"Oklahoma","UCLA",10,25,3,0,2,315,2,5,0,0,0,0,0,320,2,11,0,"0",131,7,0,3,1148,11,16,0,0,0,0,0,1164,11
"165","Jason White",2003,7,"Iowa State","Oklahoma",11,34,0,0,0,382,5,0,0,0,0,0,0,382,5,7,0,"0",165,7,0,3,1530,16,16,0,0,0,0,0,1546,16
"166","Jason White",2003,8,"Texas","Oklahoma",12,21,1,0,3,289,4,11,0,0,0,0,0,300,4,10,0,"0",186,8,0,6,1819,20,27,0,0,0,0,0,1846,20
"167","Jason White",2003,9,"Oklahoma","Missouri",13,33,1,0,2,302,2,9,0,0,0,0,0,311,2,10,0,"0",219,9,0,8,2121,22,36,0,0,0,0,0,2157,22
"168","Jason White",2003,10,"Colorado","Oklahoma",1,27,2,0,2,237,3,-2,0,0,0,0,0,235,3,10,0,"0",246,11,0,10,2358,25,34,0,0,0,0,0,2392,25
"169","Jason White",2003,11,"Oklahoma","Oklahoma State",2,28,3,0,0,225,3,3,1,0,0,0,0,228,4,13,0,"0",274,14,0,10,2583,28,37,1,0,0,0,0,2620,29
"170","Jason White",2003,12,"Oklahoma","Texas A&M",3,18,2,0,0,263,5,2,0,0,0,0,0,265,5,3,0,"0",292,16,0,10,2846,33,39,1,0,0,0,0,2885,34
"171","Jason White",2003,13,"Oklahoma","Baylor",4,35,0,0,5,299,4,0,0,0,0,0,0,299,4,12,0,"0",327,16,0,15,3145,37,39,1,0,0,0,0,3184,38
"172","Jason White",2003,14,"Texas Tech","Oklahoma",5,32,1,0,3,388,4,1,0,0,0,0,0,389,4,13,0,"0",359,17,0,18,3533,41,40,1,0,0,0,0,3573,42
"173","Jason White",2003,16,"Oklahoma","Kansas State",6,48,2,0,2,338,1,-1,0,0,0,0,0,337,1,14,0,"0",407,19,0,20,3871,42,39,1,0,0,0,0,3910,43
"174","Sam Bradford",2008,1,"Oklahoma","Chattanooga",1,22,0,0,0,184,2,0,0,0,0,0,0,184,2,5,1,"0.2",22,0,0,0,184,2,0,0,0,0,0,0,184,2
"175","Sam Bradford",2008,2,"Oklahoma","Cincinnati",7,38,3,0,0,388,5,3,0,0,0,0,0,391,5,10,5,"0.5",60,3,0,0,572,7,3,0,0,0,0,0,575,7
"176","Sam Bradford",2008,3,"Washington","Oklahoma",8,21,1,0,0,304,5,1,1,0,0,0,0,305,6,5,2,"0.4",81,4,0,0,876,12,4,1,0,0,0,0,880,13
"177","Sam Bradford",2008,5,"Oklahoma","TCU",9,34,1,0,3,408,4,2,0,0,0,0,0,410,4,14,4,"0.2857143",115,5,0,3,1284,16,6,1,0,0,0,0,1290,17
"178","Sam Bradford",2008,6,"Baylor","Oklahoma",10,31,2,0,0,372,2,4,1,0,0,0,0,376,3,7,2,"0.2857143",146,7,0,3,1656,18,10,2,0,0,0,0,1666,20
"179","Sam Bradford",2008,7,"Oklahoma","Texas",11,39,5,0,3,385,5,17,0,0,0,0,0,402,5,13,3,"0.2307692",185,12,0,6,2041,23,27,2,0,0,0,0,2068,25
"180","Sam Bradford",2008,8,"Oklahoma","Kansas",12,53,4,0,0,464,3,14,0,0,0,0,0,478,3,12,4,"0.3333333",238,16,0,6,2505,26,41,2,0,0,0,0,2546,28
"181","Sam Bradford",2008,9,"Kansas State","Oklahoma",13,32,1,0,0,256,3,1,1,0,0,0,0,257,4,11,3,"0.2727273",270,17,0,6,2761,29,42,3,0,0,0,0,2803,32
"182","Sam Bradford",2008,10,"Oklahoma","Nebraska",2,27,2,0,0,311,5,14,0,0,0,0,0,325,5,8,4,"0.5",297,19,0,6,3072,34,56,3,0,0,0,0,3128,37
"183","Sam Bradford",2008,11,"Texas A&M","Oklahoma",3,33,4,0,1,320,4,33,1,0,0,0,0,353,5,8,3,"0.375",330,23,0,7,3392,38,89,4,0,0,0,0,3481,42
"184","Sam Bradford",2008,13,"Oklahoma","Texas Tech",4,18,3,0,2,278,3,23,0,0,0,0,0,301,3,6,2,"0.3333333",348,26,0,9,3670,41,112,4,0,0,0,0,3782,45
"185","Sam Bradford",2008,14,"Oklahoma State","Oklahoma",5,44,4,0,0,370,4,14,1,0,0,0,0,384,5,14,7,"0.5",392,30,0,9,4040,45,126,5,0,0,0,0,4166,50
"186","Sam Bradford",2008,15,"Oklahoma","Missouri",6,49,1,0,0,383,2,7,0,0,0,0,0,390,2,12,6,"0.5",441,31,0,9,4423,47,133,5,0,0,0,0,4556,52
"187","Matt Leinart",2004,1,"Virginia Tech","USC",1,29,2,0,2,270,3,9,0,0,0,0,0,279,3,10,0,"0",29,2,0,2,270,3,9,0,0,0,0,0,279,3
"188","Matt Leinart",2004,3,"USC","Colorado State",7,31,7,0,0,231,2,59,0,0,0,0,0,290,2,10,0,"0",60,9,0,2,501,5,68,0,0,0,0,0,569,5
"189","Matt Leinart",2004,4,"BYU","USC",8,35,7,0,0,259,2,10,1,0,0,0,0,269,3,12,0,"0",95,16,0,2,760,7,78,1,0,0,0,0,838,8
"190","Matt Leinart",2004,5,"Stanford","USC",9,30,4,0,2,311,1,-3,1,0,0,0,0,308,2,9,0,"0",125,20,0,4,1071,8,75,2,0,0,0,0,1146,10
"191","Matt Leinart",2004,7,"USC","Cal",10,25,6,0,0,180,2,-34,0,0,0,0,0,146,2,8,0,"0",150,26,0,4,1251,10,41,2,0,0,0,0,1292,12
"192","Matt Leinart",2004,8,"USC","Arizona State",11,24,2,0,0,224,4,0,1,0,0,0,0,224,5,4,0,"0",174,28,0,4,1475,14,41,3,0,0,0,0,1516,17
"193","Matt Leinart",2004,9,"USC","Washington",12,37,0,0,3,205,2,0,0,0,0,0,0,205,2,12,0,"0",211,28,0,7,1680,16,41,3,0,0,0,0,1721,19
"194","Matt Leinart",2004,10,"Washington St","USC",2,28,0,0,1,246,2,0,0,0,0,0,0,246,2,7,0,"0",239,28,0,8,1926,18,41,3,0,0,0,0,1967,21
"195","Matt Leinart",2004,11,"Oregon State","USC",3,31,5,0,0,205,2,12,0,0,0,0,0,217,2,14,0,"0",270,33,0,8,2131,20,53,3,0,0,0,0,2184,23
"196","Matt Leinart",2004,12,"USC","Arizona",4,35,3,0,0,280,3,7,0,0,0,0,0,287,3,8,0,"0",305,36,0,8,2411,23,60,3,0,0,0,0,2471,26
"197","Matt Leinart",2004,14,"USC","Notre Dame",5,36,3,0,0,406,5,7,0,0,0,0,0,413,5,12,0,"0",341,39,0,8,2817,28,67,3,0,0,0,0,2884,31
"198","Matt Leinart",2004,15,"UCLA","USC",6,34,0,0,3,243,0,0,0,0,0,0,0,243,0,12,0,"0",375,39,0,11,3060,28,67,3,0,0,0,0,3127,31
"199","Reggie Bush",2005,1,"Hawaii","USC",1,0,13,4,0,0,0,84,2,0,0,39,0,123,2,2,1,"0.5",0,13,4,0,0,0,84,2,0,0,39,0,123,2
"200","Reggie Bush",2005,3,"USC","Arkansas",6,0,9,3,0,0,0,128,1,0,0,70,1,198,2,1,1,"1",0,22,7,0,0,0,212,3,0,0,109,1,321,4
"201","Reggie Bush",2005,4,"Oregon","USC",7,0,19,5,0,0,0,118,1,0,0,43,1,161,2,4,2,"0.5",0,41,12,0,0,0,330,4,0,0,152,2,482,6
"202","Reggie Bush",2005,5,"Arizona State","USC",8,0,20,2,0,0,0,179,2,0,0,4,0,183,2,1,0,"0",0,61,14,0,0,0,509,6,0,0,156,2,665,8
"203","Reggie Bush",2005,6,"USC","Arizona",9,0,13,4,0,0,0,103,0,0,0,19,0,122,0,1,1,"1",0,74,18,0,0,0,612,6,0,0,175,2,787,8
"204","Reggie Bush",2005,7,"Notre Dame","USC",10,1,16,5,0,0,0,188,3,0,0,36,0,224,3,5,2,"0.4",1,90,23,0,0,0,800,9,0,0,211,2,1011,11
"205","Reggie Bush",2005,8,"Washington","USC",11,0,8,2,0,0,0,48,1,0,0,18,0,66,1,2,1,"0.5",1,98,25,0,0,0,848,10,0,0,229,2,1077,12
"206","Reggie Bush",2005,10,"USC","Stanford",2,0,12,5,0,0,0,113,1,0,0,27,0,140,1,2,1,"0.5",1,110,30,0,0,0,961,11,0,0,256,2,1217,13
"207","Reggie Bush",2005,11,"Cal","USC",3,0,17,2,0,0,0,83,0,0,0,4,0,87,0,3,0,"0",1,127,32,0,0,0,1044,11,0,0,260,2,1304,13
"208","Reggie Bush",2005,12,"USC","Fresno State",4,0,23,3,0,0,0,292,2,0,0,68,0,360,2,1,0,"0",1,150,35,0,0,0,1336,13,0,0,328,2,1664,15
"209","Reggie Bush",2005,14,"USC","UCLA",5,0,24,1,0,0,0,260,2,0,0,0,0,260,2,3,3,"1",1,174,36,0,0,0,1596,15,0,0,328,2,1924,17
"210","Troy Smith",2005,1,"Ohio State","Miami (OH)",1,0,0,0,0,0,0,0,0,0,0,0,0,0,0,0,0,"NaN",0,0,0,0,0,0,0,0,0,0,0,0,0,0
"211","Troy Smith",2005,2,"Ohio State","Texas",5,9,9,0,3,78,1,40,0,0,0,0,0,118,1,7,2,"0.2857143",9,9,0,3,78,1,40,0,0,0,0,0,118,1
"212","Troy Smith",2005,3,"Ohio State","San Diego State",6,27,14,0,0,150,0,92,2,0,0,0,0,242,2,13,5,"0.3846154",36,23,0,3,228,1,132,2,0,0,0,0,360,3
"213","Troy Smith",2005,4,"Ohio State","Iowa",7,19,18,0,0,192,2,118,2,0,0,0,0,310,4,14,9,"0.6428571",55,41,0,3,420,3,250,4,0,0,0,0,670,7
"214","Troy Smith",2005,6,"Penn State","Ohio State",8,25,12,0,7,172,0,57,1,0,0,0,0,229,1,14,6,"0.4285714",80,53,0,10,592,3,307,5,0,0,0,0,899,8
"215","Troy Smith",2005,7,"Ohio State","Michigan State",9,15,7,0,0,249,3,38,1,0,0,0,0,287,4,5,0,"0",95,60,0,10,841,6,345,6,0,0,0,0,1186,12
"216","Troy Smith",2005,8,"Indiana","Ohio State",10,23,8,0,3,345,2,64,2,0,0,0,0,409,4,9,1,"0.1111111",118,68,0,13,1186,8,409,8,0,0,0,0,1595,16
"217","Troy Smith",2005,9,"Minnesota","Ohio State",11,19,10,0,1,229,3,35,0,0,0,0,0,264,3,7,1,"0.1428571",137,78,0,14,1415,11,444,8,0,0,0,0,1859,19
"218","Troy Smith",2005,10,"Ohio State","Illinois",2,21,8,0,0,299,3,56,0,0,0,0,0,355,3,10,5,"0.5",158,86,0,14,1714,14,500,8,0,0,0,0,2214,22
"219","Troy Smith",2005,11,"Ohio State","Northwestern",3,14,11,0,0,102,0,69,2,0,0,0,0,171,2,6,2,"0.3333333",172,97,0,14,1816,14,569,10,0,0,0,0,2385,24
"220","Troy Smith",2005,12,"Michigan","Ohio State",4,38,10,0,1,297,1,48,1,0,0,0,0,345,2,11,5,"0.4545455",210,107,0,15,2113,15,617,11,0,0,0,0,2730,26
"221","Tim Tebow",2007,1,"Florida","W Kentucky",1,17,7,0,0,299,3,45,1,0,0,0,0,344,4,4,2,"0.5",17,7,0,0,299,3,45,1,0,0,0,0,344,4
"222","Tim Tebow",2007,2,"Florida","Troy",6,24,14,0,2,195,1,96,2,0,0,0,0,291,3,8,3,"0.375",41,21,0,2,494,4,141,3,0,0,0,0,635,7
"223","Tim Tebow",2007,3,"Florida","Tennessee",7,19,18,0,0,396,3,62,2,0,0,0,0,458,5,12,5,"0.4166667",60,39,0,2,890,7,203,5,0,0,0,0,1093,12
"224","Tim Tebow",2007,4,"Ole Miss","Florida",8,35,28,0,0,275,2,164,2,0,0,0,0,439,4,15,8,"0.5333333",95,67,0,2,1165,9,367,7,0,0,0,0,1532,16
"225","Tim Tebow",2007,5,"Florida","Auburn",9,27,19,0,0,202,1,75,1,0,0,0,0,277,2,12,4,"0.3333333",122,86,0,2,1367,10,442,8,0,0,0,0,1809,18
"226","Tim Tebow",2007,6,"LSU","Florida",10,26,14,0,2,159,2,75,1,0,0,0,0,234,3,9,5,"0.5555556",148,100,0,4,1526,12,517,9,0,0,0,0,2043,21
"227","Tim Tebow",2007,8,"Kentucky","Florida",11,26,19,0,1,257,4,83,1,0,0,0,0,340,5,9,4,"0.4444444",174,119,0,5,1783,16,600,10,0,0,0,0,2383,26
"228","Tim Tebow",2007,9,"Florida","Georgia",12,23,7,0,6,236,1,25,2,0,0,0,0,261,3,10,2,"0.2",197,126,0,11,2019,17,625,12,0,0,0,0,2644,29
"229","Tim Tebow",2007,10,"Florida","Vanderbilt",2,27,6,0,0,292,3,35,2,0,0,0,0,327,5,8,3,"0.375",224,132,0,11,2311,20,660,14,0,0,0,0,2971,34
"230","Tim Tebow",2007,11,"South Carolina","Florida",3,32,26,0,0,314,2,120,5,0,0,0,0,434,7,14,6,"0.4285714",256,158,0,11,2625,22,780,19,0,0,0,0,3405,41
"231","Tim Tebow",2007,12,"Florida","FAU",4,33,11,0,0,370,3,31,1,0,0,0,0,401,4,8,4,"0.5",289,169,0,11,2995,25,811,20,0,0,0,0,3806,45
"232","Tim Tebow",2007,13,"Florida","FSU",5,29,12,0,1,265,3,93,2,0,0,0,0,358,5,10,7,"0.7",318,181,0,12,3260,28,904,22,0,0,0,0,4164,50
